# Name,   Type, SubType, Offset,  Size, Flags
# Note: This is a sample partition table for OTA updates
# You must configure this in your Arduino IDE or PlatformIO project settings
#
# For ESP32-C6 with OTA support, you need:
# - Bootloader partition (handled automatically)
# - Two OTA partitions (ota_0 and ota_1) for dual-bank OTA
# - NVS partition for non-volatile storage
# - OTA data partition for tracking which partition to boot

# Bootloader (automatically handled by ESP-IDF)
# boot,      app,  boot,  0x0000,   0x8000,

# NVS partition for Preferences/EEPROM
nvs,        data, nvs,   ,   0x4000,

# OTA data partition (tracks which OTA partition to boot)
otadata,    data, ota,   ,   0x2000,

# OTA partition 0 (first firmware slot)
ota_0,      app,  ota_0, ,  0x1C0000,

# OTA partition 1 (second firmware slot)
ota_1,      app,  ota_1, , 0x1C0000,

# LittleFS partition for web UI files
# Layout changed in the BLE release: was 2 x 0x1A0000 app + 0xB0000 LittleFS
# (at 0x350000). The BLE build no longer fit the old slot, so LittleFS gave up
# 0x40000 (the UI is ~250 KB) and each app slot grew by 0x20000 (128 KB).
# Resulting offsets: ota_0 0x10000, ota_1 0x1D0000, spiffs 0x390000.
# A partition table cannot be changed over OTA: devices on the old layout need
# one USB (ESP Web Tools) flash.
spiffs,     data, spiffs, , 0x70000,
